{"Bonus Bet":{"total":57,"wins":7,"places":23,"win_rate":0.12280701754385964,"place_rate":0.40350877192982454,"avg_odds":12.707017543859648,"roi":0.38421052631578956},"Each-way chance":{"total":1253,"wins":225,"places":561,"win_rate":0.17956903431763768,"place_rate":0.44772545889864324,"avg_odds":5.827605746209098,"roi":-0.10607342378292106},"Main danger":{"total":419,"wins":103,"places":245,"win_rate":0.2458233890214797,"place_rate":0.5847255369928401,"avg_odds":3.770763723150358,"roi":-0.12171837708830549},"Promo Play":{"total":54,"wins":19,"places":36,"win_rate":0.35185185185185186,"place_rate":0.6666666666666666,"avg_odds":3.537962962962963,"roi":-0.07962962962962958},"The one to beat":{"total":1342,"wins":409,"places":820,"win_rate":0.30476900149031294,"place_rate":0.6110283159463488,"avg_odds":3.466624441132638,"roi":-0.14728017883755595},"Value bet":{"total":642,"wins":62,"places":223,"win_rate":0.09657320872274143,"place_rate":0.34735202492211836,"avg_odds":10.092757009345794,"roi":-0.34758566978193145}}