{"total_predictions":3899,"outcomes_recorded":3767,"pending_outcomes":132,"total_wins":825,"total_places":1908,"win_rate":0.21900716750730023,"place_rate":0.5065038492168835,"avg_odds":5.563670171838933}